t_monotonik_s,ham_sont,ham_bara
1538.697395,404,6530
1538.896932,404,6530
1539.096836,405,6530
1539.296827,405,6530
1539.496827,405,6530
1539.696824,405,6530
1539.896824,405,6530
1540.096840,405,6530
1540.296833,405,6530
1540.496826,405,6530
1540.696824,405,6530
1540.896824,405,6530
1541.096823,404,6530
1541.296828,405,6530
1541.496823,404,6530
1541.696848,405,6530
1541.896834,405,6530
1542.096829,405,6530
1542.296835,405,6530
1542.496828,404,6530
1542.696828,405,6530
1542.896825,405,6530
1543.096823,405,6530
1543.296828,405,6530
1543.496822,405,6530
1543.696825,405,6530
1543.896825,404,6530
1544.096830,405,6530
1544.296831,405,6530
1544.496823,405,6530
1544.696826,405,6530
1544.896825,405,6530
1545.096824,404,6530
1545.296828,404,6530
1545.496823,405,6530
1545.696824,405,6530
1545.896823,405,6530
1546.096822,405,6530
1546.296828,405,6530
1546.496827,405,6530
1546.696824,404,6530
1546.896845,404,6530
1547.096833,405,6530
1547.296831,405,6530
1547.496828,405,6530
1547.696815,404,6530
1547.896826,404,6530
1548.096833,404,6530
1548.296826,405,6530
1548.496830,405,6530
1548.696825,404,6530
1548.896827,405,6530
1549.096824,405,6530
1549.296826,405,6530
1549.496824,404,6530
1549.696822,404,6530
1549.896824,404,6530
1550.096829,404,6530
1550.296831,405,6530
1550.496826,405,6530
1550.696825,404,6530
1550.896824,405,6530
1551.096822,404,6530
1551.296826,405,6530
1551.496823,405,6530
1551.696824,405,6530
1551.896824,405,6530
1552.096849,404,6530
1552.296836,405,6530
1552.496828,405,6530
1552.696824,405,6530
1552.896833,405,6530
1553.096826,404,6530
1553.296829,405,6530
1553.496818,405,6530
1553.696824,405,6530
1553.896823,405,6530
1554.096828,404,6530
1554.296830,405,6530
1554.496824,404,6530
1554.696823,405,6530
1554.896822,405,6530
1555.096822,405,6530
1555.296825,404,6530
1555.496824,405,6530
1555.696824,405,6530
1555.896824,405,6530
1556.096826,404,6530
1556.296829,405,6530
1556.496824,404,6530
1556.696825,405,6530
1556.896825,405,6530
1557.096823,404,6530
1557.296846,405,6530
1557.496832,404,6530
1557.696829,404,6530
1557.896840,404,6530
1558.096840,405,6530
1558.296825,404,6530
1558.496828,405,6530
1558.696826,405,6530
1558.896825,404,6530
1559.096829,404,6530
1559.296828,404,6530
1559.496825,404,6530
1559.696824,404,6530
1559.896823,404,6530
1560.096826,404,6530
1560.296830,405,6530
1560.496827,404,6530
1560.696825,405,6530
1560.896823,405,6530
1561.096821,404,6530
1561.296826,404,6530
1561.496824,404,6530
1561.696824,405,6530
1561.896825,405,6530
1562.096826,405,6530
1562.296828,405,6530
1562.496846,405,6530
1562.696834,404,6530
1562.896831,404,6530
1563.096828,405,6530
1563.296827,404,6530
1563.496827,405,6530
1563.696827,404,6530
1563.896824,404,6530
1564.096827,404,6530
1564.296826,405,6530
1564.496825,405,6530
1564.696824,405,6530
1564.896824,404,6530
1565.096821,404,6530
1565.296819,404,6530
1565.496823,405,6530
1565.696824,404,6530
1565.896824,404,6530
1566.096832,404,6530
1566.296829,404,6530
1566.496825,404,6530
1566.696824,404,6530
1566.896824,404,6530
1567.096822,404,6530
1567.296827,404,6530
1567.496824,405,6530
1567.696841,404,6530
1567.896838,404,6530
1568.096847,404,6530
1568.296828,404,6530
1568.496831,404,6530
1568.696827,404,6530
